"","ID","game_day","Altitude_Desc","Soreness_1","Distance","Distancemin","HighSpeedRunning","HSRmin","PlayerLoad","Playerloadmin"
"1",10,"GD","Sea Level",6,10545,111,502,5.284210526,960.4297485,10.10978683
"2",27,"GD","Sea Level",6,9600,101.0526316,562,5.915789474,879.5108032,9.258008455
"3",64,"GD","Sea Level",8,6613,101.7384615,387,5.953846154,725.7258911,11.16501371
"4",91,"GD","Sea Level",3,9282,103.1333333,1060,11.77777778,983.2514038,10.9250156
"5",95,"GD","Sea Level",6,10939,115.1473684,401,4.221052632,1007.693604,10.60730109
"6",109,"GD","Sea Level",7,9838,103.5578947,650,6.842105263,869.0049438,9.147420461
"7",137,"GD","Sea Level",6,10163,106.9789474,813,8.557894737,915.2599487,9.634315249
"8",166,"GD","Sea Level",7,8257,116.2957746,591,8.323943662,743.8452759,10.47669403
"9",2,"GD","Moderate",3,9888,98.88,942.65001,9.4265001,868.20638,8.6820638
"10",8,"GD","Moderate",4,8844,88.44,305.24,3.0524,909.8169,9.098169
"11",10,"GD","Moderate",2,7847,100.6025641,474,6.076923077,707,9.064102564
"12",11,"GD","Moderate",5,6325,94.40298507,209.42,3.125671642,649.21114,9.689718507
"13",109,"GD","Moderate",4,9020,90.2,614,6.14,1002,10.02
"14",345,"GD","Moderate",3,7403,112.1666667,321.89,4.877121212,803.64513,12.17644136
"15",642,"GD","Moderate",2,10645,106.45,896.53,8.9653,969.37917,9.6937917
"16",666,"GD","Moderate",2,9619,96.19,310.31,3.1031,1026.03375,10.2603375
"17",16,"GD -1","Sea Level",8,3688,80.17391304,73,1.586956522,419.0388794,9.109540857
"18",70,"GD -1","Sea Level",8,2998,65.17391304,109,2.369565217,342.7702942,7.451528135
"19",89,"GD -1","Sea Level",9,3047,66.23913043,142,3.086956522,322.6442566,7.014005578
"20",95,"GD -1","Sea Level",8,3706,80.56521739,45,0.97826087,286.1120605,6.219827402
"21",100,"GD -1","Sea Level",9,2553,55.5,78,1.695652174,275.9584961,5.999097741
"22",130,"GD -1","Sea Level",6,2428,51.65957447,12,0.255319149,323.3374329,6.879519849
"23",159,"GD -1","Sea Level",7,3938,85.60869565,199,4.326086957,404.0866699,8.784492824
"24",166,"GD -1","Sea Level",10,2909,63.23913043,209,4.543478261,303.3663025,6.59491962
"25",178,"GD -1","Sea Level",9,2551,54.27659574,0,0,307.2084045,6.536349032
"26",188,"GD -1","Sea Level",7,2783,60.5,258,5.608695652,292.2948608,6.354236104
"27",2,"GD -1","Low",4,2229,67.54545455,161,4.878787879,273.8,8.296969697
"28",4,"GD -1","Low",10,2431,73.66666667,24,0.727272727,261.18,7.914545455
"29",10,"GD -1","Low",10,2514,76.18181818,105,3.181818182,269.31,8.160909091
"30",27,"GD -1","Low",7,2778,84.18181818,47,1.424242424,345.09,10.45727273
"31",30,"GD -1","Low",5,2777,84.15151515,74,2.242424242,340.11,10.30636364
"32",91,"GD -1","Low",10,1876,56.84848485,80,2.424242424,258.9,7.845454545
"33",95,"GD -1","Low",7,2070,62.72727273,23,0.696969697,218.79,6.63
"34",100,"GD -1","Low",5,4400,88,544,10.88,436.1010974,8.722021948
"35",109,"GD -1","Low",5,2225,67.42424242,52,1.575757576,234.94,7.119393939
"36",136,"GD -1","Low",3,2359,71.48484848,18,0.545454545,239.78,7.266060606
"37",188,"GD -1","Low",8,2396,72.60606061,90,2.727272727,255.34,7.737575758
"38",714,"GD -1","Low",8,2078,62.96969697,21,0.636363636,265.25,8.037878788
"39",2,"GD -1","Moderate",8,2601,70.2972973,203,5.486486486,325,8.783783784
"40",8,"GD -1","Moderate",8,3402,89.52631579,201,5.289473684,316,8.315789474
"41",10,"GD -1","Moderate",8,2762,74.64864865,191,5.162162162,317,8.567567568
"42",11,"GD -1","Moderate",8,3189,70.86666667,172,3.822222222,292,6.488888889
"43",109,"GD -1","Moderate",7,3076,76.9,195,4.875,308,7.7
"44",136,"GD -1","Moderate",10,2680,67,222,5.55,356,8.9
"45",178,"GD -1","Moderate",9,3336,75.81818182,225,5.113636364,313,7.113636364
"46",222,"GD -1","Moderate",8,2597,66.58974359,187,4.794871795,327,8.384615385
"47",345,"GD -1","Moderate",8,2832,67.42857143,170,4.047619048,325,7.738095238
"48",642,"GD -1","Moderate",9,3449,98.54285714,202,5.771428571,278,7.942857143
"49",666,"GD -1","Moderate",8,3412,92.21621622,182,4.918918919,342,9.243243243
"50",897,"GD -1","Moderate",7,2641,61.41860465,218,5.069767442,315,7.325581395
"51",987,"GD -1","Moderate",8,3418,87.64102564,186,4.769230769,348,8.923076923
"52",10,"GD -2","Sea Level",7,4300,69.35483871,87,1.403225806,396.5491638,6.395954255
"53",16,"GD -2","Sea Level",8,4540,73.22580645,121,1.951612903,442.2081604,7.132389684
"54",21,"GD -2","Sea Level",7,2802,45.19354839,37,0.596774194,303.1105347,4.888879592
"55",27,"GD -2","Sea Level",6,4502,72.61290323,153,2.467741935,439.8460999,7.094291934
"56",36,"GD -2","Sea Level",10,4172,67.29032258,119,1.919354839,363.3236084,5.8600582
"57",64,"GD -2","Sea Level",8,3806,61.38709677,138,2.225806452,373.0820923,6.017453102
"58",70,"GD -2","Sea Level",5,3590,57.90322581,129,2.080645161,356.299469,5.746765629
"59",77,"GD -2","Sea Level",10,2125,34.27419355,0,0,259.1872253,4.180439118
"60",89,"GD -2","Sea Level",7,4239,68.37096774,312,5.032258065,411.0349121,6.629595356
"61",91,"GD -2","Sea Level",3,3848,62.06451613,332,5.35483871,428.0180054,6.903516216
"62",95,"GD -2","Sea Level",7,4989,80.46774194,60,0.967741935,417.3286133,6.731106666
"63",100,"GD -2","Sea Level",10,3524,56.83870968,125,2.016129032,354.2998352,5.714513471
"64",109,"GD -2","Sea Level",7,4338,69.96774194,152,2.451612903,401.8023987,6.48068385
"65",128,"GD -2","Sea Level",9,3422,55.19354839,46,0.741935484,293.7552795,4.737988379
"66",130,"GD -2","Sea Level",6,1830,53.82352941,210,6.176470588,259.2765808,7.625781788
"67",153,"GD -2","Sea Level",7,3555,57.33870968,116,1.870967742,364.2440796,5.87490451
"68",159,"GD -2","Sea Level",6,4502,72.61290323,153,2.467741935,439.8460999,7.094291934
"69",166,"GD -2","Sea Level",9,4296,69.29032258,202,3.258064516,397.5195007,6.41160485
"70",178,"GD -2","Sea Level",9,1661,48.85294118,213,6.264705882,213.4129181,6.276850532
"71",188,"GD -2","Sea Level",7,4063,65.53225806,184,2.967741935,400.2650757,6.455888318
"72",213,"GD -2","Sea Level",5,4040,65.16129032,118,1.903225806,403.7747498,6.512495965
"73",2,"GD -2","Low",4,2736,68.4,161,4.025,309.5147705,7.737869263
"74",4,"GD -2","Low",10,3154,78.85,52,1.3,339.4794312,8.48698578
"75",8,"GD -2","Low",6,3009,75.225,199,4.975,312.0276489,7.800691223
"76",10,"GD -2","Low",9,2761,69.025,187,4.675,281.3972168,7.03493042
"77",16,"GD -2","Low",9,4684,90.07692308,232,4.461538462,471.584259,9.068928058
"78",27,"GD -2","Low",8,3636,69.92307692,74,1.423076923,403.3868408,7.757439246
"79",30,"GD -2","Low",7,3668,91.7,356,8.9,396.281311,9.907032775
"80",84,"GD -2","Low",5,2069,51.725,142,3.55,248.1827087,6.204567718
"81",91,"GD -2","Low",9,2134,53.35,60,1.5,281.5356445,7.038391113
"82",95,"GD -2","Low",9,3175,79.375,74,1.85,307.9604187,7.699010468
"83",100,"GD -2","Low",5,2130,44.375,194,4.041666667,233.7657776,4.870120367
"84",109,"GD -2","Low",9,2818,70.45,111,2.775,261.1426697,6.528566743
"85",136,"GD -2","Low",8,2751,68.775,121,3.025,263.3266907,6.583167268
"86",162,"GD -2","Low",10,2400,72.72727273,55,1.666666667,340.62,10.32181818
"87",178,"GD -2","Low",10,1809,46.38461538,125,3.205128205,199.1207733,5.105660854
"88",188,"GD -2","Low",8,3505,73.02083333,267,5.5625,334.1669922,6.961812338
"89",714,"GD -2","Low",7,2710,67.75,0,0,311.6712646,7.791781615
"90",8,"GD -2","Moderate",7,2894,76.15789474,129,3.394736842,287,7.552631579
"91",10,"GD -2","Moderate",8,2898,78.32432432,147,3.972972973,275,7.432432432
"92",109,"GD -2","Moderate",9,2904,82.97142857,139,3.971428571,268,7.657142857
"93",136,"GD -2","Moderate",10,2738,78.22857143,147,4.2,285,8.142857143
"94",222,"GD -2","Moderate",6,2861,79.47222222,142,3.944444444,268,7.444444444
"95",897,"GD -2","Moderate",7,2816,82.82352941,131,3.852941176,303,8.911764706
"96",987,"GD -2","Moderate",8,2647,69.65789474,141,3.710526316,295,7.763157895
"97",8,"GD","Sea Level",7,8800,89.79591837,445,4.540816327,759.7373047,7.752421477
"98",8,"GD","Sea Level",6,9887,100.8877551,787,8.030612245,987,10.07142857
"99",10,"GD","Sea Level",6,10269,104.7857143,476,4.857142857,962.4030151,9.82043893
"100",10,"GD","Sea Level",5,10340,105.5102041,564,5.755102041,1175,11.98979592
"101",27,"GD","Sea Level",6,10000,102.0408163,339,3.459183673,929.6151123,9.485868493
"102",30,"GD","Sea Level",6,8878,113.8205128,634,8.128205128,851.9910889,10.92296268
"103",95,"GD","Sea Level",7,9948,101.5102041,201,2.051020408,926.6028442,9.455131063
"104",109,"GD","Sea Level",7,9495,96.8877551,400,4.081632653,798.5256348,8.148220763
"105",109,"GD","Sea Level",6,9434,96.26530612,438,4.469387755,851,8.683673469
"106",178,"GD","Sea Level",NA,7981,98.5308642,463,5.716049383,792,9.777777778
"107",188,"GD","Sea Level",8,9556,97.51020408,413,4.214285714,963.0942993,9.82749285
"108",642,"GD","Sea Level",6,10681,108.9897959,800,8.163265306,1028,10.48979592
"109",666,"GD","Sea Level",NA,9382,95.73469388,272,2.775510204,994,10.14285714
"110",2,"GD","Low",7,4500,75,491,8.183333333,457.7853394,7.629755657
"111",9,"GD","Low",7,7103,85.57831325,421,5.072289157,831.6600342,10.02000041
"112",10,"GD","Low",6,9987,92.47222222,605,5.601851852,938.9990234,8.694435402
"113",10,"GD","Low",NA,9944,110.4888889,516,5.733333333,969,10.76666667
"114",27,"GD","Low",7,9782,90.57407407,337,3.12037037,930.1463623,8.612466318
"115",27,"GD","Low",5,9772,108.5777778,381,4.233333333,978.9798584,10.87755398
"116",64,"GD","Low",4,8564,95.15555556,406,4.511111111,822.1599121,9.135110134
"117",84,"GD","Low",7,10146,93.94444444,675,6.25,1013.770935,9.386767917
"118",89,"GD","Low",6,7686,120.09375,440,6.875,763.1612549,11.92439461
"119",95,"GD","Low",6,10099,112.2111111,235,2.611111111,900.6741333,10.00749037
"120",109,"GD","Low",5,9732,108.1333333,403,4.477777778,950.3840942,10.55982327
"121",137,"GD","Low",7,9282,103.1333333,578,6.422222222,816.6842041,9.074268934
"122",166,"GD","Low",8,7668,102.24,344,4.586666667,720.8934937,9.611913249
"123",2,"GD -1","Sea Level",4,2302,54.80952381,78,1.857142857,278,6.619047619
"124",4,"GD -1","Sea Level",6,2265,62.91666667,40,1.111111111,263.4111328,7.316975911
"125",8,"GD -1","Sea Level",9,2203,61.19444444,20,0.555555556,272.6612854,7.573924594
"126",8,"GD -1","Sea Level",NA,2310,60.78947368,79,2.078947368,280,7.368421053
"127",9,"GD -1","Sea Level",3,1974,54.83333333,19,0.527777778,260.9757996,7.249327767
"128",10,"GD -1","Sea Level",8,1962,54.5,44,1.222222222,211.6106567,5.878073797
"129",10,"GD -1","Sea Level",8,2357,57.48780488,75,1.829268293,261,6.365853659
"130",11,"GD -1","Sea Level",NA,2241,60.56756757,80,2.162162162,282,7.621621622
"131",16,"GD -1","Sea Level",5,2350,65.27777778,51,1.416666667,298.3686829,8.288018969
"132",27,"GD -1","Sea Level",6,2099,58.30555556,37,1.027777778,242.5166626,6.736573961
"133",30,"GD -1","Sea Level",9,2332,64.77777778,115,3.194444444,285.6195679,7.933876886
"134",84,"GD -1","Sea Level",7,2216,61.55555556,25,0.694444444,264.1984558,7.338845994
"135",91,"GD -1","Sea Level",10,1699,56.63333333,61,2.033333333,246.9263458,8.230878193
"136",95,"GD -1","Sea Level",7,1844,51.22222222,19,0.527777778,201.8562927,5.607119242
"137",109,"GD -1","Sea Level",3,1814,50.38888889,22,0.611111111,185.8827362,5.163409339
"138",109,"GD -1","Sea Level",NA,2427,60.675,75,1.875,275,6.875
"139",136,"GD -1","Sea Level",8,2001,55.58333333,32,0.888888889,185.0336304,5.139823067
"140",168,"GD -1","Sea Level",8,1988,55.22222222,18,0.5,234.8517761,6.523660447
"141",178,"GD -1","Sea Level",7,1462,63.56521739,314,13.65217391,215.562439,9.372279957
"142",178,"GD -1","Sea Level",NA,2362,62.15789474,78,2.052631579,274,7.210526316
"143",188,"GD -1","Sea Level",9,1927,53.52777778,18,0.5,213.2004852,5.9222357
"144",213,"GD -1","Sea Level",6,2069,57.47222222,58,1.611111111,249.4828186,6.930078294
"145",319,"GD -1","Sea Level",9,1934,53.72222222,17,0.472222222,246.8512726,6.856979794
"146",345,"GD -1","Sea Level",NA,2436,64.10526316,75,1.973684211,263,6.921052632
"147",642,"GD -1","Sea Level",8,2374,57.90243902,79,1.926829268,255,6.219512195
"148",666,"GD -1","Sea Level",NA,2250,59.21052632,80,2.105263158,257,6.763157895
"149",987,"GD -1","Sea Level",NA,2304,59.07692308,78,2,260,6.666666667
"150",16,"GD -1","Low",8,2719,79.97058824,75,2.205882353,310.2542419,9.125124762
"151",36,"GD -1","Low",10,2135,62.79411765,53,1.558823529,217.9094849,6.409102497
"152",57,"GD -1","Low",8,2447,71.97058824,43,1.264705882,267.559021,7.869382971
"153",64,"GD -1","Low",8,2019,59.38235294,24,0.705882353,229.4612579,6.748860526
"154",70,"GD -1","Low",5,2107,61.97058824,32,0.941176471,240.1427765,7.063022838
"155",89,"GD -1","Low",8,2417,71.08823529,93,2.735294118,280.7766113,8.258135626
"156",95,"GD -1","Low",8,2222,65.35294118,97,2.852941176,215.2747498,6.331610288
"157",100,"GD -1","Low",10,2252,66.23529412,163,4.794117647,271.874115,7.9962975
"158",109,"GD -1","Low",9,2556,75.17647059,83,2.441176471,259.62323,7.635977353
"159",128,"GD -1","Low",7,2108,62,89,2.617647059,218.8165588,6.435781141
"160",137,"GD -1","Low",7,2224,65.41176471,48,1.411764706,222.7570038,6.551676582
"161",159,"GD -1","Low",7,2659,78.20588235,71,2.088235294,274.6578064,8.078170776
"162",166,"GD -1","Low",9,2127,62.55882353,104,3.058823529,217.0162201,6.382830003
"163",188,"GD -1","Low",8,2012,59.17647059,87,2.558823529,218.7086945,6.432608662
"164",2,"GD -2","Sea Level",8,3084,56.07272727,120,2.181818182,346,6.290909091
"165",4,"GD -2","Sea Level",10,3406,75.68888889,35,0.777777778,344.3110657,7.651357016
"166",8,"GD -2","Sea Level",6,2946,65.46666667,80,1.777777778,308.385376,6.853008356
"167",8,"GD -2","Sea Level",8,3509,68.80392157,117,2.294117647,324,6.352941176
"168",9,"GD -2","Sea Level",10,2979,66.2,133,2.955555556,380.3680115,8.452622478
"169",10,"GD -2","Sea Level",8,2768,61.51111111,88,1.955555556,296.9395447,6.598656549
"170",10,"GD -2","Sea Level",8,3139,58.12962963,108,2,319,5.907407407
"171",11,"GD -2","Sea Level",NA,3340,61.85185185,118,2.185185185,326,6.037037037
"172",16,"GD -2","Sea Level",8,2980,66.22222222,64,1.422222222,302.987915,6.733064778
"173",27,"GD -2","Sea Level",6,3236,71.91111111,64,1.422222222,359.2287292,7.982860649
"174",30,"GD -2","Sea Level",7,3406,75.68888889,35,0.777777778,345.4303894,7.676230876
"175",84,"GD -2","Sea Level",10,3322,73.82222222,75,1.666666667,352.4623718,7.832497151
"176",91,"GD -2","Sea Level",9,2679,59.53333333,203,4.511111111,346.2705383,7.694900851
"177",95,"GD -2","Sea Level",8,2760,61.33333333,59,1.311111111,249.9392395,5.554205322
"178",100,"GD -2","Sea Level",3,2531,56.24444444,27,0.6,268.597229,5.968827311
"179",109,"GD -2","Sea Level",10,2865,63.66666667,89,1.977777778,258.5629578,5.745843507
"180",109,"GD -2","Sea Level",9,3227,59.75925926,111,2.055555556,320,5.925925926
"181",136,"GD -2","Sea Level",10,3072,68.26666667,76,1.688888889,254.4702606,5.65489468
"182",159,"GD -2","Sea Level",6,3293,73.17777778,54,1.2,347.3867188,7.719704862
"183",166,"GD -2","Sea Level",5,3196,71.02222222,117,2.6,303.1055298,6.73567844
"184",168,"GD -2","Sea Level",7,3058,67.95555556,76,1.688888889,297.7850952,6.61744656
"185",178,"GD -2","Sea Level",3,1668,92.66666667,353,19.61111111,175.9337463,9.774097017
"186",178,"GD -2","Sea Level",NA,3251,66.34693878,116,2.367346939,327,6.673469388
"187",188,"GD -2","Sea Level",9,3236,71.91111111,64,1.422222222,360.1716003,8.00381334
"188",213,"GD -2","Sea Level",7,2638,58.62222222,58,1.288888889,291.9169922,6.487044271
"189",319,"GD -2","Sea Level",10,2865,63.66666667,45,1,306.9711609,6.821581353
"190",345,"GD -2","Sea Level",8,3198,65.26530612,115,2.346938776,354,7.224489796
"191",642,"GD -2","Sea Level",8,3091,59.44230769,114,2.192307692,338,6.5
"192",666,"GD -2","Sea Level",NA,3089,57.2037037,110,2.037037037,330,6.111111111
"193",987,"GD -2","Sea Level",NA,3238,63.49019608,121,2.37254902,348,6.823529412
"194",10,"GD -2","Low",8,2684,86.58064516,130,4.193548387,300.6149292,9.697255781
"195",16,"GD -2","Low",7,3254,104.9677419,246,7.935483871,306.7892456,9.896427277
"196",27,"GD -2","Low",7,2470,79.67741935,108,3.483870968,226.2987061,7.299958261
"197",36,"GD -2","Low",7,2777,89.58064516,78,2.516129032,224.7466431,7.249891713
"198",57,"GD -2","Low",6,2727,87.96774194,197,6.35483871,255.8375854,8.252825335
"199",64,"GD -2","Low",8,2560,82.58064516,99,3.193548387,246.2608032,7.943896877
"200",70,"GD -2","Low",6,2667,86.03225806,179,5.774193548,255.6763916,8.247625535
"201",89,"GD -2","Low",6,3030,97.74193548,169,5.451612903,304.6710815,9.828099403
"202",95,"GD -2","Low",8,2833,91.38709677,155,5,257.3034363,8.300110848
"203",100,"GD -2","Low",10,2327,75.06451613,108,3.483870968,230.6658478,7.4408338
"204",109,"GD -2","Low",8,2429,78.35483871,67,2.161290323,208.606842,6.729252968
"205",128,"GD -2","Low",7,2664,85.93548387,69,2.225806452,246.5886383,7.954472203
"206",137,"GD -2","Low",7,2950,95.16129032,181,5.838709677,253.3152313,8.171459074
"207",159,"GD -2","Low",6.5,2849,91.90322581,163,5.258064516,277.0327148,8.936539187
"208",166,"GD -2","Low",7,2879,92.87096774,163,5.258064516,245.7189636,7.926418181
"209",188,"GD -2","Low",7,2962,95.5483871,122,3.935483871,297.4274292,9.5944332
"210",213,"GD -2","Low",6,2588,83.48387097,69,2.225806452,255.0091705,8.226102274
