ID,Date,Altitude_code,GD,Replication,TimeinEnvironment,Altitude,Duration,Distance,Distancemin,HighSpeedRunning,HSRmin,PlayerLoad,Playerloadmin,HRZone3Time,HRZone4Time,HRZone5Time,HRZone6Time,HRzoneTRIMP,Soreness_1,Mood_1,Nutrition_1,RPELeg,RPEBreathe,RPETech,RPESession
8,7/20/2019,1,0,1,168,11.89,98,8800,89.79591837,445,4.540816327,759.7373047,7.752421477,11.56666667,4.433333333,53.95,5.3,253.1471667,7,7,7,95,95,95,95
8,9/15/2021,1,0,2,168,11.89,98,9887,100.8877551,787,8.030612245,987,10.07142857,NA,NA,NA,NA,NA,6,4,7,88,88,88,88
10,43285,1,0,1,168,11.89,95,10545,111,502,5.284210526,960.4297485,10.10978683,63.5,41.26666667,26.95,17.7,411.3,6,6,5,80,80,80,80
10,7/20/2019,1,0,2,168,11.89,98,10269,104.7857143,476,4.857142857,962.4030151,9.82043893,3.666666667,54.75,54.71666667,54.15,669.8683333,6,8,6,90,90,90,90
10,9/15/2021,1,0,3,168,11.89,98,10340,105.5102041,564,5.755102041,1175,11.98979592,NA,NA,NA,NA,NA,5,6,7,92,88,80,88
27,43285,1,0,1,168,11.89,95,9600,101.0526316,562,5.915789474,879.5108032,9.258008455,NA,NA,NA,NA,NA,6,9,6,55,40,50,40
27,7/20/2019,1,0,2,168,11.89,98,10000,102.0408163,339,3.459183673,929.6151123,9.485868493,NA,NA,NA,NA,NA,6,6,6,87,85,90,85
30,7/20/2019,1,0,1,168,11.89,78,8878,113.8205128,634,8.128205128,851.9910889,10.92296268,NA,NA,NA,NA,NA,6,7,7,81,81,81,81
64,43285,1,0,1,168,11.89,65,6613,101.7384615,387,5.953846154,725.7258911,11.16501371,NA,NA,NA,NA,NA,8,5,7,NA,NA,NA,NA
91,43285,1,0,1,168,11.89,90,9282,103.1333333,1060,11.77777778,983.2514038,10.9250156,NA,NA,NA,NA,NA,3,10,4,NA,NA,NA,NA
95,43285,1,0,1,168,11.89,95,10939,115.1473684,401,4.221052632,1007.693604,10.60730109,17.15,65.8,2.833333333,1.233333333,382.5133333,6,7,6,80,80,80,80
95,7/20/2019,1,0,2,168,11.89,98,9948,101.5102041,201,2.051020408,926.6028442,9.455131063,NA,NA,NA,NA,NA,7,7,7,80,80,80,80
109,43285,1,0,1,168,11.89,95,9838,103.5578947,650,6.842105263,869.0049438,9.147420461,45.61666667,49.2,4.433333333,32.3,534.8965,7,9,7,80,60,65,70
109,7/20/2019,1,0,2,168,11.89,98,9495,96.8877551,400,4.081632653,798.5256348,8.148220763,7.366666667,4.633333333,56.91666667,9.716666667,789.3728333,7,8,8,91,90,90,90
109,9/15/2021,1,0,3,168,11.89,98,9434,96.26530612,438,4.469387755,851,8.683673469,NA,NA,NA,NA,NA,6,6,6,90,90,90,90
137,43285,1,0,1,168,11.89,95,10163,106.9789474,813,8.557894737,915.2599487,9.634315249,17.46666667,8.116666667,0.283333333,3.683333333,77.8465,6,7,7,94,94,94,94
166,43285,1,0,1,168,11.89,71,8257,116.2957746,591,8.323943662,743.8452759,10.47669403,NA,NA,NA,NA,NA,7,9,7,80,75,77,77
178,9/15/2021,1,0,1,168,11.89,81,7981,98.5308642,463,5.716049383,792,9.777777778,NA,NA,NA,NA,NA,NA,NA,NA,80,80,80,80
188,7/20/2019,1,0,1,168,11.89,98,9556,97.51020408,413,4.214285714,963.0942993,9.82749285,NA,NA,NA,NA,NA,8,8,8,52,50,50,52
642,9/15/2021,1,0,1,168,11.89,98,10681,108.9897959,800,8.163265306,1028,10.48979592,NA,NA,NA,NA,NA,6,6,6,97,87,95,95
666,9/15/2021,1,0,1,168,11.89,98,9382,95.73469388,272,2.775510204,994,10.14285714,NA,NA,NA,NA,NA,NA,NA,NA,NA,NA,NA,NA
2,7/13/2019,2,0,1,71.45,1356,60,4500,75,491,8.183333333,457.7853394,7.629755657,NA,NA,NA,NA,NA,7,6,7,45,60,63,67
9,7/13/2019,2,0,1,71.45,1356,83,7103,85.57831325,421,5.072289157,831.6600342,10.02000041,NA,NA,NA,NA,NA,7,9,9,90,99,90,90
10,7/13/2019,2,0,1,71.45,1356,108,9987,92.47222222,605,5.601851852,938.9990234,8.694435402,NA,NA,NA,NA,NA,6,5,5,90,98,90,90
10,3/31/2018,2,0,2,70.4,1609.34,90,9944,110.4888889,516,5.733333333,969,10.76666667,NA,NA,NA,NA,NA,NA,NA,NA,NA,NA,NA,NA
27,7/13/2019,2,0,1,71.45,1356,108,9782,90.57407407,337,3.12037037,930.1463623,8.612466318,NA,NA,NA,NA,NA,7,7,7,78,85,95,80
27,3/31/2018,2,0,2,70.4,1609.34,90,9772,108.5777778,381,4.233333333,978.9798584,10.87755398,NA,NA,NA,NA,NA,5,8,8,60,70,50,45
64,3/31/2018,2,0,1,70.4,1609.34,90,8564,95.15555556,406,4.511111111,822.1599121,9.135110134,43.13333333,NA,NA,NA,13.28833333,4,9,5,61,76,70,70
84,7/13/2019,2,0,1,71.45,1356,108,10146,93.94444444,675,6.25,1013.770935,9.386767917,NA,NA,NA,NA,NA,7,10,10,90,98,90,90
89,3/31/2018,2,0,1,70.4,1609.34,64,7686,120.09375,440,6.875,763.1612549,11.92439461,42.95,22.31666667,11.21666667,11.78333333,232.1521667,6,5,6,60,85,70,50
95,3/31/2018,2,0,1,70.4,1609.34,90,10099,112.2111111,235,2.611111111,900.6741333,10.00749037,124.5,34.96666667,1.683333333,1.7,337.7258333,6,6,6,75,80,75,75
109,3/31/2018,2,0,1,70.4,1609.34,90,9732,108.1333333,403,4.477777778,950.3840942,10.55982327,82.65,42.21666667,17.78333333,7.2,372.5158333,5,9,6,80,90,85,80
137,3/31/2018,2,0,1,70.4,1609.34,90,9282,103.1333333,578,6.422222222,816.6842041,9.074268934,NA,NA,NA,NA,NA,7,6,7,93,93,93,93
166,3/31/2018,2,0,1,70.4,1609.34,75,7668,102.24,344,4.586666667,720.8934937,9.611913249,NA,NA,NA,NA,NA,8,6,3,75,70,70,70
2,44538,3,0,1,74,2200,100,9888,98.88,942.65001,9.4265001,868.20638,8.6820638,NA,NA,NA,NA,NA,3,3,7,80,85,75,85
8,44538,3,0,1,74,2200,100,8844,88.44,305.24,3.0524,909.8169,9.098169,NA,NA,NA,NA,NA,4,4,NA,75,90,75,75
10,44538,3,0,1,74,2200,78,7847,100.6025641,474,6.076923077,707,9.064102564,NA,NA,NA,NA,NA,2,2,7,85,93,93,90
11,44538,3,0,1,74,2200,67,6325,94.40298507,209.42,3.125671642,649.21114,9.689718507,NA,NA,NA,NA,NA,5,5,5,80,90,80,90
109,44538,3,0,1,74,2200,100,9020,90.2,614,6.14,1002,10.02,NA,NA,NA,NA,NA,4,4,4,NA,NA,NA,NA
345,44538,3,0,1,74,2200,66,7403,112.1666667,321.89,4.877121212,803.64513,12.17644136,NA,NA,NA,NA,NA,3,NA,NA,NA,NA,NA,NA
642,44538,3,0,1,74,2200,100,10645,106.45,896.53,8.9653,969.37917,9.6937917,NA,NA,NA,NA,NA,2,NA,NA,89,95,91,89
666,44538,3,0,1,74,2200,100,9619,96.19,310.31,3.1031,1026.03375,10.2603375,NA,NA,NA,NA,NA,2,2,2,95,95,95,95
2,9/14/2021,1,1,1,168,11.89,42,2302,54.80952381,78,1.857142857,278,6.619047619,NA,NA,NA,NA,NA,4,8,8,NA,NA,NA,NA
4,7/19/2019,1,1,1,144,11.89,36,2265,62.91666667,40,1.111111111,263.4111328,7.316975911,29.86666667,7.5,3,2.533333333,96.6945,6,7,0,49,41,52,40
8,7/19/2019,1,1,1,144,11.89,36,2203,61.19444444,20,0.555555556,272.6612854,7.573924594,11.53333333,8.133333333,4.85,2.716666667,78.63633333,9,9,4,64,54,44,64
8,9/14/2021,1,1,2,168,11.89,38,2310,60.78947368,79,2.078947368,280,7.368421053,NA,NA,NA,NA,NA,NA,NA,NA,NA,NA,NA,NA
9,7/19/2019,1,1,1,144,11.89,36,1974,54.83333333,19,0.527777778,260.9757996,7.249327767,NA,NA,NA,NA,NA,3,10,4,65,41,70,69
10,7/19/2019,1,1,1,144,11.89,36,1962,54.5,44,1.222222222,211.6106567,5.878073797,NA,NA,NA,NA,NA,8,10,2,58,53,54,43
10,9/14/2021,1,1,2,168,11.89,41,2357,57.48780488,75,1.829268293,261,6.365853659,NA,NA,NA,NA,NA,8,8,8,NA,NA,NA,NA
11,9/14/2021,1,1,1,168,11.89,37,2241,60.56756757,80,2.162162162,282,7.621621622,NA,NA,NA,NA,NA,NA,NA,NA,NA,NA,NA,NA
16,7/19/2019,1,1,2,144,11.89,36,2350,65.27777778,51,1.416666667,298.3686829,8.288018969,NA,NA,NA,NA,NA,5,7,3,43,43,63,36
16,43255,1,1,1,144,11.89,46,3688,80.17391304,73,1.586956522,419.0388794,9.109540857,51.38333333,18.35,6.65,NA,178.2266667,8,8,7,NA,NA,NA,NA
27,7/19/2019,1,1,1,144,11.89,36,2099,58.30555556,37,1.027777778,242.5166626,6.736573961,NA,NA,NA,0.166666667,0.86,6,8,0,39,38,59,43
30,7/19/2019,1,1,1,144,11.89,36,2332,64.77777778,115,3.194444444,285.6195679,7.933876886,NA,NA,NA,NA,NA,9,5,1,52,40,57,56
70,43255,1,1,1,144,11.89,46,2998,65.17391304,109,2.369565217,342.7702942,7.451528135,24.63333333,7.116666667,3.866666667,3.9,127.9486667,8,10,9,NA,NA,NA,NA
84,7/19/2019,1,1,1,144,11.89,36,2216,61.55555556,25,0.694444444,264.1984558,7.338845994,19.1,15.48333333,8.1,1.533333333,163.415,7,9,3,64,62,41,60
89,43255,1,1,1,144,11.89,46,3047,66.23913043,142,3.086956522,322.6442566,7.014005578,51.31666667,12.21666667,3.7,1.65,162.7361667,9,5,10,50,50,50,40
91,7/19/2019,1,1,1,144,11.89,30,1699,56.63333333,61,2.033333333,246.9263458,8.230878193,NA,NA,NA,NA,NA,10,7,9,44,41,44,43
95,7/19/2019,1,1,2,144,11.89,36,1844,51.22222222,19,0.527777778,201.8562927,5.607119242,16.83333333,NA,NA,NA,9.2225,7,8,7,40,40,40,40
95,43255,1,1,1,144,11.89,46,3706,80.56521739,45,0.97826087,286.1120605,6.219827402,4,NA,NA,NA,11.57516667,8,8,8,30,30,30,30
100,43255,1,1,1,144,11.89,46,2553,55.5,78,1.695652174,275.9584961,5.999097741,46.83333333,5.95,0.233333333,NA,143.2278333,9,10,10,70,70,70,70
109,7/19/2019,1,1,1,144,11.89,36,1814,50.38888889,22,0.611111111,185.8827362,5.163409339,NA,NA,NA,NA,NA,3,8,9,49,35,45,47
109,9/14/2021,1,1,2,168,11.89,40,2427,60.675,75,1.875,275,6.875,NA,NA,NA,NA,NA,NA,NA,NA,NA,NA,NA,NA
130,43255,1,1,1,144,11.89,47,2428,51.65957447,12,0.255319149,323.3374329,6.879519849,34.55,13.71666667,7.65,14.4,224.2163333,6,8,8,NA,NA,NA,NA
136,7/19/2019,1,1,1,144,11.89,36,2001,55.58333333,32,0.888888889,185.0336304,5.139823067,NA,NA,NA,NA,NA,8,6,6,55,55,55,55
159,43255,1,1,1,144,11.89,46,3938,85.60869565,199,4.326086957,404.0866699,8.784492824,59.6,21.96666667,4.25,NA,18.82466667,7,9,8,43,45,44,44
166,43255,1,1,1,144,11.89,46,2909,63.23913043,209,4.543478261,303.3663025,6.59491962,42.58333333,1.966666667,9.333333333,3.966666667,186.1883333,10,10,10,NA,NA,NA,NA
168,7/19/2019,1,1,1,144,11.89,36,1988,55.22222222,18,0.5,234.8517761,6.523660447,7.266666667,0.266666667,0.666666667,0.2,26.84333333,8,9,7,51,46,35,53
178,7/19/2019,1,1,2,144,11.89,23,1462,63.56521739,314,13.65217391,215.562439,9.372279957,8.5,7.916666667,0.666666667,NA,34.1145,7,7,6,64,60,57,63
178,9/14/2021,1,1,3,168,11.89,38,2362,62.15789474,78,2.052631579,274,7.210526316,NA,NA,NA,NA,NA,NA,NA,NA,NA,NA,NA,NA
178,43255,1,1,1,144,11.89,47,2551,54.27659574,0,0,307.2084045,6.536349032,38.5,21.7,7.783333333,8.95,215.5675,9,9,10,50,45,40,35
188,7/19/2019,1,1,2,144,11.89,36,1927,53.52777778,18,0.5,213.2004852,5.9222357,22.98333333,7.533333333,6.866666667,1.133333333,148.6795,9,10,9,50,51,52,51
188,43255,1,1,1,144,11.89,46,2783,60.5,258,5.608695652,292.2948608,6.354236104,1.816666667,42.83333333,NA,28.85,276.1591667,7,10,8,NA,NA,NA,NA
213,7/19/2019,1,1,1,144,11.89,36,2069,57.47222222,58,1.611111111,249.4828186,6.930078294,16.61666667,6.583333333,6.783333333,3.816666667,92.818,6,6,7,60,41,45,53
319,7/19/2019,1,1,1,144,11.89,36,1934,53.72222222,17,0.472222222,246.8512726,6.856979794,NA,NA,NA,2.433333333,12.556,9,9,0,52,51,49,49
345,9/14/2021,1,1,1,168,11.89,38,2436,64.10526316,75,1.973684211,263,6.921052632,NA,NA,NA,NA,NA,NA,NA,NA,NA,NA,NA,NA
642,9/14/2021,1,1,1,168,11.89,41,2374,57.90243902,79,1.926829268,255,6.219512195,NA,NA,NA,NA,NA,8,8,8,NA,NA,NA,NA
666,9/14/2021,1,1,1,168,11.89,38,2250,59.21052632,80,2.105263158,257,6.763157895,NA,NA,NA,NA,NA,NA,NA,NA,NA,NA,NA,NA
987,9/14/2021,1,1,1,168,11.89,39,2304,59.07692308,78,2,260,6.666666667,NA,NA,NA,NA,NA,NA,NA,NA,NA,NA,NA,NA
2,43806,2,1,1,41.8,1356,33,2229,67.54545455,161,4.878787879,273.8,8.296969697,NA,NA,NA,NA,NA,4,7,2,45,50,45,45
4,44537,2,1,1,41.8,1356,33,2431,73.66666667,24,0.727272727,261.18,7.914545455,NA,NA,NA,NA,NA,10,10,10,35,35,35,35
10,43806,2,1,1,41.8,1356,33,2514,76.18181818,105,3.181818182,269.31,8.160909091,12.68,7.15,4.9,2.266666667,73.43713334,10,9,9,40,45,40,40
16,3/30/2018,2,1,1,40.8,1609.34,34,2719,79.97058824,75,2.205882353,310.2542419,9.125124762,17.81666667,12,1.883333333,0.166666667,7.977166667,8,8,7,85,80,75,50
27,43806,2,1,1,41.8,1356,33,2778,84.18181818,47,1.424242424,345.09,10.45727273,NA,NA,NA,NA,NA,7,5,3,53,55,55,55
30,43806,2,1,1,41.8,1356,33,2777,84.15151515,74,2.242424242,340.11,10.30636364,9,5.12,3.2,0.716666667,44.39833335,5,9,5,45,45,45,45
36,3/30/2018,2,1,1,40.8,1609.34,34,2135,62.79411765,53,1.558823529,217.9094849,6.409102497,13.13333333,5.733333333,1.616666667,1.666666667,63.81916667,10,7,3,NA,NA,NA,NA
57,3/30/2018,2,1,1,40.8,1609.34,34,2447,71.97058824,43,1.264705882,267.559021,7.869382971,2.3,7.933333333,0.183333333,0.166666667,62.8615,8,7,4,NA,NA,NA,NA
64,3/30/2018,2,1,1,40.8,1609.34,34,2019,59.38235294,24,0.705882353,229.4612579,6.748860526,13.56666667,8.833333333,5.183333333,0.5,72.83466667,8,9,8,40,45,40,40
70,3/30/2018,2,1,1,40.8,1609.34,34,2107,61.97058824,32,0.941176471,240.1427765,7.063022838,19.43333333,0.116666667,0.666666667,0.166666667,36.479,5,10,5,44,46,40,45
89,3/30/2018,2,1,1,40.8,1609.34,34,2417,71.08823529,93,2.735294118,280.7766113,8.258135626,17.33333333,7.15,3.816666667,3.5,81.79283333,8,8,8,NA,NA,NA,NA
91,43806,2,1,1,41.8,1356,33,1876,56.84848485,80,2.424242424,258.9,7.845454545,NA,NA,NA,NA,NA,10,8,10,50,35,35,35
95,43806,2,1,1,41.8,1356,33,2070,62.72727273,23,0.696969697,218.79,6.63,8.15,2,2,NA,54.34666663,7,8,7,35,40,40,40
95,3/30/2018,2,1,2,40.8,1609.34,34,2222,65.35294118,97,2.852941176,215.2747498,6.331610288,9.25,1.4,0.833333333,0.116666667,36.77633333,8,7,7,30,25,30,30
100,43806,2,1,1,41.8,1356,50,4400,88,544,10.88,436.1010974,8.722021948,13.85,6.28,2.7,0.133333333,7.382199998,5,7,9,35,40,40,40
100,3/30/2018,2,1,2,40.8,1609.34,34,2252,66.23529412,163,4.794117647,271.874115,7.9962975,13.55,8.3,4,1.6,75.15683333,10,10,10,50,50,50,50
109,43806,2,1,1,41.8,1356,33,2225,67.42424242,52,1.575757576,234.94,7.119393939,15.5,1.87,1.87,1.883333333,5.151666645,5,8,7,55,55,55,55
109,3/30/2018,2,1,2,40.8,1609.34,34,2556,75.17647059,83,2.441176471,259.62323,7.635977353,11.83333333,12.66666667,5.866666667,4.283333333,94.67733333,9,9,7,NA,NA,NA,NA
128,3/30/2018,2,1,1,40.8,1609.34,34,2108,62,89,2.617647059,218.8165588,6.435781141,15.58333333,7.333333333,4.483333333,1.533333333,75.91266667,7,8,8,NA,NA,NA,NA
136,43806,2,1,1,41.8,1356,33,2359,71.48484848,18,0.545454545,239.78,7.266060606,13.3,7.5,4.72,1.916666667,82.93533339,3,7,6,45,50,45,45
137,3/30/2018,2,1,1,40.8,1609.34,34,2224,65.41176471,48,1.411764706,222.7570038,6.551676582,2.65,3.766666667,1.916666667,3.2,37.53,7,8,8,65,65,65,65
159,3/30/2018,2,1,1,40.8,1609.34,34,2659,78.20588235,71,2.088235294,274.6578064,8.078170776,11.1,15.65,2.466666667,0.15,74.494,7,8,8.4,NA,NA,NA,NA
166,3/30/2018,2,1,1,40.8,1609.34,34,2127,62.55882353,104,3.058823529,217.0162201,6.382830003,15.88333333,3.333333333,1.283333333,0.966666667,57.873,9,10,9,45,46,45,45
188,43806,2,1,1,41.8,1356,33,2396,72.60606061,90,2.727272727,255.34,7.737575758,NA,NA,NA,NA,15.33333334,8,10,9,54,55,54,57
188,3/30/2018,2,1,2,40.8,1609.34,34,2012,59.17647059,87,2.558823529,218.7086945,6.432608662,1.433333333,5.566666667,3.95,7.666666667,9.974666667,8,8,8,67,61,60,52
714,43806,2,1,1,41.8,1356,33,2078,62.96969697,21,0.636363636,265.25,8.037878788,0.33333333,NA,NA,NA,0.431999999,8,7,0,53,55,55,55
2,44508,3,1,1,37.8,2200,37,2601,70.2972973,203,5.486486486,325,8.783783784,NA,NA,NA,NA,NA,8,7,8,55,60,55,NA
8,44508,3,1,1,37.8,2200,38,3402,89.52631579,201,5.289473684,316,8.315789474,NA,NA,NA,NA,NA,8,7,8,45,60,45,NA
10,44508,3,1,1,37.8,2200,37,2762,74.64864865,191,5.1621621620000004,317,8.567567568,NA,NA,NA,NA,NA,8,8,8,56,67,56,NA
11,44508,3,1,1,37.8,2200,45,3189,70.86666667,172,3.822222222,292,6.488888889,NA,NA,NA,NA,NA,8,8,8,48,55,48,NA
109,44508,3,1,1,37.8,2200,40,3076,76.9,195,4.875,308,7.7,NA,NA,NA,NA,NA,7,7,8,57,59,57,NA
136,44508,3,1,1,37.8,2200,40,2680,67,222,5.55,356,8.9,NA,NA,NA,NA,NA,10,10,9,45,45,45,NA
178,44508,3,1,1,37.8,2200,44,3336,75.81818182,225,5.113636364,313,7.113636364,NA,NA,NA,NA,NA,9,9,9,43,43,43,NA
222,44508,3,1,1,37.8,2200,39,2597,66.58974359,187,4.794871795,327,8.384615385,NA,NA,NA,NA,NA,8,9,7,54,60,54,NA
345,44508,3,1,1,37.8,2200,42,2832,67.42857143,170,4.047619048,325,7.738095238,NA,NA,NA,NA,NA,8,8,8,60,77,60,NA
642,44508,3,1,1,37.8,2200,35,3449,98.54285714,202,5.771428571,278,7.942857143,NA,NA,NA,NA,NA,9,9,9,56,70,56,NA
666,44508,3,1,1,37.8,2200,37,3412,92.21621622,182,4.918918919,342,9.243243243,NA,NA,NA,NA,NA,8,8,8,56,69,56,NA
897,43777,3,1,1,37.8,2200,43,2641,61.41860465,218,5.069767442,315,7.325581395,NA,NA,NA,NA,NA,7,8,9,56,67,56,NA
987,44508,3,1,1,37.8,2200,39,3418,87.64102564,186,4.769230769,348,8.923076923,NA,NA,NA,NA,NA,8,8,8,66,68,66,NA
2,9/13/2021,1,2,1,168,11.89,55,3084,56.07272727,120,2.181818182,346,6.290909091,NA,NA,NA,NA,NA,8,9,9,NA,NA,NA,NA
4,7/18/2019,1,2,1,120,11.89,45,3406,75.68888889,35,0.777777778,344.3110657,7.651357016,36.18333333,33.5,11.5,7.65,227.9525,10,10,10,57,55,57,57
8,7/18/2019,1,2,1,120,11.89,45,2946,65.46666667,80,1.777777778,308.385376,6.853008356,42.4,28.73333333,18.46666667,13.1,288.4973333,6,7,2,63,59,60,63
8,9/13/2021,1,2,2,168,11.89,51,3509,68.80392157,117,2.294117647,324,6.352941176,NA,NA,NA,NA,NA,8,8,8,NA,NA,NA,NA
9,7/18/2019,1,2,1,120,11.89,45,2979,66.2,133,2.955555556,380.3680115,8.452622478,NA,NA,NA,NA,NA,10,10,9,68,46,53,61
10,7/18/2019,1,2,2,120,11.89,45,2768,61.51111111,88,1.955555556,296.9395447,6.598656549,NA,NA,NA,NA,NA,8,9,4,66,49,47,68
10,9/13/2021,1,2,3,168,11.89,54,3139,58.12962963,108,2,319,5.907407407,NA,NA,NA,NA,NA,8,8,8,NA,NA,NA,NA
10,43224,1,2,1,120,11.89,62,4300,69.35483871,87,1.403225806,396.5491638,6.395954255,21.75,9.983333333,6.266666667,2.983333333,22.2385,7,8,7,52,52,52,52
11,9/13/2021,1,2,1,168,11.89,54,3340,61.85185185,118,2.185185185,326,6.037037037,NA,NA,NA,NA,NA,NA,NA,NA,NA,NA,NA,NA
16,7/18/2019,1,2,2,120,11.89,45,2980,66.22222222,64,1.422222222,302.987915,6.733064778,NA,NA,NA,NA,NA,8,8,8,50,50,50,50
16,43224,1,2,1,120,11.89,62,4540,73.22580645,121,1.951612903,442.2081604,7.132389684,62.35,1.433333333,0.283333333,0.333333333,196.2983333,8,8,8,45,45,45,45
21,43224,1,2,1,120,11.89,62,2802,45.19354839,37,0.596774194,303.1105347,4.888879592,55.33333333,18.15,8.5,5.866666667,23.87383333,7,5,7,NA,NA,NA,NA
27,7/18/2019,1,2,2,120,11.89,45,3236,71.91111111,64,1.422222222,359.2287292,7.982860649,54.66666667,25.15,13.81666667,0.333333333,217.8933333,6,9,7,57,55,52,62
27,43224,1,2,1,120,11.89,62,4502,72.61290323,153,2.467741935,439.8460999,7.094291934,NA,NA,NA,NA,NA,6,10,5,25,30,30,30
30,7/18/2019,1,2,1,120,11.89,45,3406,75.68888889,35,0.777777778,345.4303894,7.676230876,36.18333333,33.5,11.5,7.65,227.9525,7,7,7,42,42,40,40
36,43224,1,2,1,120,11.89,62,4172,67.29032258,119,1.919354839,363.3236084,5.8600582,NA,NA,NA,NA,NA,10,5,6,53,53,53,53
64,43224,1,2,1,120,11.89,62,3806,61.38709677,138,2.225806452,373.0820923,6.017453102,73.68333333,3.6,NA,NA,193.175,8,8,8,45,45,45,45
70,43224,1,2,1,120,11.89,62,3590,57.90322581,129,2.080645161,356.299469,5.746765629,24.45,8.633333333,3.116666667,1.216666667,1.798333333,5,5,5,46,40,46,50
77,43224,1,2,1,120,11.89,62,2125,34.27419355,0,0,259.1872253,4.180439118,46.53333333,21.85,12.8,19.3,295.3253333,10,10,10,NA,NA,NA,NA
84,7/18/2019,1,2,1,120,11.89,45,3322,73.82222222,75,1.666666667,352.4623718,7.832497151,27.25,27.16666667,2.733333333,28.83333333,337.2123333,10,6,7,50,60,67,57
89,43224,1,2,1,120,11.89,62,4239,68.37096774,312,5.032258065,411.0349121,6.629595356,48.73333333,24.48333333,13.66666667,6.583333333,25.5575,7,8,8,45,45,45,45
91,7/18/2019,1,2,2,120,11.89,45,2679,59.53333333,203,4.511111111,346.2705383,7.694900851,44.96666667,21.16666667,13.55,14.36666667,26.95383333,9,10,10,48,58,59,48
91,43224,1,2,1,120,11.89,62,3848,62.06451613,332,5.35483871,428.0180054,6.903516216,NA,NA,NA,NA,NA,3,9,8,46,46,46,46
95,7/18/2019,1,2,2,120,11.89,45,2760,61.33333333,59,1.311111111,249.9392395,5.554205322,3.516666667,1.416666667,0.133333333,NA,18.239,8,5,0,50,50,50,50
95,43224,1,2,1,120,11.89,62,4989,80.46774194,60,0.967741935,417.3286133,6.731106666,49.35,11.85,1.833333333,12.63333333,231.993,7,8,7,30,30,30,30
100,7/18/2019,1,2,2,120,11.89,45,2531,56.24444444,27,0.6,268.597229,5.968827311,58.21666667,28.91666667,4.983333333,0.766666667,221.3613333,3,6,0,45,53,59,50
100,43224,1,2,1,120,11.89,62,3524,56.83870968,125,2.016129032,354.2998352,5.714513471,6.633333333,19.56666667,4.516666667,0.583333333,219.9475,10,10,10,30,30,30,30
109,7/18/2019,1,2,2,120,11.89,45,2865,63.66666667,89,1.977777778,258.5629578,5.745843507,54.75,26.95,23.9,7.5,287.3575,10,10,10,69,56,58,57
109,9/13/2021,1,2,3,168,11.89,54,3227,59.75925926,111,2.055555556,320,5.925925926,NA,NA,NA,NA,NA,9,9,9,NA,NA,NA,NA
109,43224,1,2,1,120,11.89,62,4338,69.96774194,152,2.451612903,401.8023987,6.48068385,57.75,32.51666667,14.76666667,8.266666667,288.496,7,9,8,75,60,55,50
128,43224,1,2,1,120,11.89,62,3422,55.19354839,46,0.741935484,293.7552795,4.737988379,46.58333333,23.4,12.31666667,22.28333333,319.497,9,8,5,57,53,57,59
130,43224,1,2,1,120,11.89,34,1830,53.82352941,210,6.176470588,259.2765808,7.625781788,24.86666667,11.75,7.616666667,18.2,198.8168333,6,8,8,50,65,60,50
136,7/18/2019,1,2,1,120,11.89,45,3072,68.26666667,76,1.688888889,254.4702606,5.65489468,63.3,0.433333333,0.266666667,NA,157.348,10,10,10,70,70,70,70
153,43224,1,2,1,120,11.89,62,3555,57.33870968,116,1.870967742,364.2440796,5.87490451,NA,NA,NA,123.7666667,638.636,7,9,6,86,86,86,86
159,7/18/2019,1,2,2,120,11.89,45,3293,73.17777778,54,1.2,347.3867188,7.719704862,57.75,37.66666667,9.666666667,7,265.565,6,8,4,69,66,64,53
159,43224,1,2,1,120,11.89,62,4502,72.61290323,153,2.467741935,439.8460999,7.094291934,65.65,2.933333333,0.883333333,0.6,216.7116667,6,9,7.5,48,46,47,45
166,7/18/2019,1,2,2,120,11.89,45,3196,71.02222222,117,2.6,303.1055298,6.73567844,NA,NA,NA,NA,NA,5,10,7,57,50,64,45
166,43224,1,2,1,120,11.89,62,4296,69.29032258,202,3.258064516,397.5195007,6.41160485,46.96666667,21.81666667,15.35,22.73333333,328.2781667,9,8,8,40,40,40,40
168,7/18/2019,1,2,1,120,11.89,45,3058,67.95555556,76,1.688888889,297.7850952,6.61744656,NA,NA,NA,NA,NA,7,8,4,59,47,50,47
178,7/18/2019,1,2,2,120,11.89,18,1668,92.66666667,353,19.61111111,175.9337463,9.774097017,1.383333333,3.766666667,3.383333333,0.666666667,27.58666667,3,5,7,50,49,45,48
178,43224,1,2,1,120,11.89,34,1661,48.85294118,213,6.264705882,213.4129181,6.276850532,13.41666667,1.333333333,5.683333333,33.78333333,246.6826667,9,9,10,54,54,54,54
178,9/13/2021,1,2,3,168,11.89,49,3251,66.34693878,116,2.367346939,327,6.673469388,NA,NA,NA,NA,NA,NA,NA,NA,NA,NA,NA,NA
188,7/18/2019,1,2,2,120,11.89,45,3236,71.91111111,64,1.422222222,360.1716003,8.00381334,57.13333333,34.33333333,15.15,0.333333333,249.4853333,9,10,9,45,45,45,45
188,43224,1,2,1,120,11.89,62,4063,65.53225806,184,2.967741935,400.2650757,6.455888318,28.53333333,15.16666667,1.133333333,56.26666667,427.3916667,7,10,8,60,60,60,60
213,7/18/2019,1,2,2,120,11.89,45,2638,58.62222222,58,1.288888889,291.9169922,6.487044271,52.21666667,21.15,7.783333333,5.9,22.845,7,10,9,65,60,60,60
213,43224,1,2,1,120,11.89,62,4040,65.16129032,118,1.903225806,403.7747498,6.512495965,29.31666667,27.9,19.45,24.18333333,338.998,5,8,8,78,65,45,65
319,7/18/2019,1,2,1,120,11.89,45,2865,63.66666667,45,1,306.9711609,6.821581353,NA,NA,NA,NA,NA,10,9,10,67,56,69,55
345,9/13/2021,1,2,1,168,11.89,49,3198,65.26530612,115,2.346938776,354,7.224489796,NA,NA,NA,NA,NA,8,8,8,NA,NA,NA,NA
642,9/13/2021,1,2,1,168,11.89,52,3091,59.44230769,114,2.192307692,338,6.5,NA,NA,NA,NA,NA,8,8,8,NA,NA,NA,NA
666,9/13/2021,1,2,1,168,11.89,54,3089,57.2037037,110,2.037037037,330,6.111111111,NA,NA,NA,NA,NA,NA,NA,NA,NA,NA,NA,NA
987,9/13/2021,1,2,1,168,11.89,51,3238,63.49019608,121,2.37254902,348,6.823529412,NA,NA,NA,NA,NA,NA,NA,NA,NA,NA,NA,NA
2,43776,2,2,1,17.8,1356,40,2736,68.4,161,4.025,309.5147705,7.737869263,14.2,4.233333333,2.22,3.566666667,67.68233333,4,9,5,57,49,38,46
4,43776,2,2,1,17.8,1356,40,3154,78.85,52,1.3,339.4794312,8.48698578,1.783333333,4.75,2.5,1.166666667,45.73383333,10,10,8,25,45,29,35
8,43776,2,2,1,17.8,1356,40,3009,75.225,199,4.975,312.0276489,7.800691223,12.33333333,9.333333333,2.116666667,2.233333333,64.71966667,6,5,5,31,54,58,65
10,43776,2,2,1,17.8,1356,40,2761,69.025,187,4.675,281.3972168,7.03493042,NA,NA,NA,NA,NA,9,9,9,20,30,30,30
10,3/29/2018,2,2,2,16.8,1609.34,31,2684,86.58064516,130,4.193548387,300.6149292,9.697255781,NA,NA,NA,NA,NA,8,9,8,30,45,45,45
16,43776,2,2,1,17.8,1356,52,4684,90.07692308,232,4.461538462,471.584259,9.068928058,NA,NA,NA,NA,NA,9,5,6,27,55,58,58
16,3/29/2018,2,2,2,16.8,1609.34,31,3254,104.9677419,246,7.935483871,306.7892456,9.896427277,24.88333333,16.35,7.333333333,9.783333333,165.9366667,7,7,7,44,46,40,40
27,43776,2,2,1,17.8,1356,52,3636,69.92307692,74,1.423076923,403.3868408,7.757439246,NA,NA,NA,NA,NA,8,10,8,47,52,36,38
27,3/29/2018,2,2,2,16.8,1609.34,31,2470,79.67741935,108,3.483870968,226.2987061,7.299958261,37.88333333,6.8,0.3,0.233333333,15.69366667,7,9,9,20,35,20,20
30,43776,2,2,1,17.8,1356,40,3668,91.7,356,8.9,396.281311,9.907032775,11,3.2,1.75,0.383333333,37.65166667,7,7,7,50,60,50,50
36,3/29/2018,2,2,1,16.8,1609.34,31,2777,89.58064516,78,2.516129032,224.7466431,7.249891713,NA,NA,NA,NA,NA,7,10,4,44,46,40,40
57,3/29/2018,2,2,1,16.8,1609.34,31,2727,87.96774194,197,6.35483871,255.8375854,8.252825335,4.283333333,9.466666667,3.25,1.616666667,122.43,6,8,9,37,38,38,38
64,3/29/2018,2,2,1,16.8,1609.34,31,2560,82.58064516,99,3.193548387,246.2608032,7.943896877,39.63333333,13,NA,NA,111.7153333,8,9,8,25,50,30,20
70,3/29/2018,2,2,1,16.8,1609.34,31,2667,86.03225806,179,5.774193548,255.6763916,8.247625535,26.66666667,7.533333333,2.616666667,1.683333333,94.15333333,6,8,8,37,38,38,38
84,43776,2,2,1,17.8,1356,40,2069,51.725,142,3.55,248.1827087,6.204567718,11.43333333,6.2,3.7,4.533333333,74.77716667,5,10,6,44,47,39,69
89,3/29/2018,2,2,1,16.8,1609.34,31,3030,97.74193548,169,5.451612903,304.6710815,9.828099403,NA,NA,NA,NA,NA,6,5,3,50,60,50,50
91,43776,2,2,1,17.8,1356,40,2134,53.35,60,1.5,281.5356445,7.038391113,NA,NA,NA,NA,NA,9,9,9,29,69,49,53
95,43776,2,2,1,17.8,1356,40,3175,79.375,74,1.85,307.9604187,7.699010468,9.8,2,1.2,NA,26.675,9,8,8,50,55,50,50
95,3/29/2018,2,2,2,16.8,1609.34,31,2833,91.38709677,155,5,257.3034363,8.300110848,1.583333333,0.85,0.533333333,0.333333333,32.54133333,8,7,7,25,50,30,20
100,43776,2,2,1,17.8,1356,48,2130,44.375,194,4.041666667,233.7657776,4.870120367,21.3,7.2,2.2,2.383333333,9.8885,5,5,8,54,58,63,59
100,3/29/2018,2,2,2,16.8,1609.34,31,2327,75.06451613,108,3.483870968,230.6658478,7.4408338,45.11666667,7.683333333,0.483333333,NA,19.35833333,10,10,10,45,52,45,45
109,43776,2,2,1,17.8,1356,40,2818,70.45,111,2.775,261.1426697,6.528566743,2.15,13.16666667,1.216666667,0.116666667,78.9565,9,9,9,36,62,64,43
109,3/29/2018,2,2,2,16.8,1609.34,31,2429,78.35483871,67,2.161290323,208.606842,6.729252968,2.366666667,1.566666667,0.516666667,1.133333333,56.93283333,8,5,6,51,51,51,51
128,3/29/2018,2,2,1,16.8,1609.34,31,2664,85.93548387,69,2.225806452,246.5886383,7.954472203,1.2,25.16666667,1.433333333,1.833333333,77.36466667,7,8,8,51,51,51,51
136,43776,2,2,1,17.8,1356,40,2751,68.775,121,3.025,263.3266907,6.583167268,NA,NA,NA,NA,NA,8,8,10,55,65,60,60
137,3/29/2018,2,2,1,16.8,1609.34,31,2950,95.16129032,181,5.838709677,253.3152313,8.171459074,NA,NA,NA,NA,NA,7,8,8,65,65,65,65
159,3/29/2018,2,2,1,16.8,1609.34,31,2849,91.90322581,163,5.258064516,277.0327148,8.936539187,49.58333333,1.333333333,NA,NA,113.6471667,6.5,7,8,50,65,50,50
162,43776,2,2,1,17.8,1356,33,2400,72.72727273,55,1.666666667,340.62,10.32181818,NA,NA,NA,NA,NA,10,5,2,57,49,38,46
166,3/29/2018,2,2,1,16.8,1609.34,31,2879,92.87096774,163,5.258064516,245.7189636,7.926418181,29.41666667,11.91666667,4.683333333,9.833333333,155.1968333,7,10,8,50,65,50,50
178,44508,2,2,1,17.8,1356,39,1809,46.38461538,125,3.205128205,199.1207733,5.105660854,16.35,5.416666667,2.366666667,1.35,65.49733333,10,6,1,40,34,28,32
188,43776,2,2,1,17.8,1356,48,3505,73.02083333,267,5.5625,334.1669922,6.961812338,2.23,1.75,1.766666667,2.483333333,34.74966667,8,10,9,53,55,52,60
188,3/29/2018,2,2,2,16.8,1609.34,31,2962,95.5483871,122,3.935483871,297.4274292,9.5944332,NA,NA,NA,NA,NA,7,8,8,60,61,61,60
213,3/29/2018,2,2,1,16.8,1609.34,31,2588,83.48387097,69,2.225806452,255.0091705,8.226102274,NA,NA,NA,NA,NA,6,7,6,NA,NA,NA,NA
714,43776,2,2,1,17.8,1356,40,2710,67.75,0,0,311.6712646,7.791781615,11.31666667,3.92,1.65,0.883333333,47.55196667,7,5,1,53,55,56,45
8,44477,3,2,1,17.8,2200,38,2894,76.15789474,129,3.394736842,287,7.552631579,NA,NA,NA,NA,NA,7,7,7,45,60,NA,NA
10,44477,3,2,1,17.8,2200,37,2898,78.32432432,147,3.972972973,275,7.432432432,NA,NA,NA,NA,NA,8,8,8,50,65,NA,NA
109,44477,3,2,1,17.8,2200,35,2904,82.97142857,139,3.971428571,268,7.657142857,NA,NA,NA,NA,NA,9,9,9,45,65,NA,NA
136,44477,3,2,1,17.8,2200,35,2738,78.22857143,147,4.2,285,8.142857143,NA,NA,NA,NA,NA,10,10,9,50,75,NA,NA
222,44477,3,2,1,17.8,2200,36,2861,79.47222222,142,3.944444444,268,7.444444444,NA,NA,NA,NA,NA,6,8,8,45,65,NA,NA
897,43746,3,2,1,17.8,2200,34,2816,82.82352941,131,3.852941176,303,8.911764706,NA,NA,NA,NA,NA,7,7,7,50,60,NA,NA
987,44477,3,2,1,17.8,2200,38,2647,69.65789474,141,3.710526316,295,7.763157895,NA,NA,NA,NA,NA,8,9,8,45,66,NA,NA
